{"cameraMode":{"drawMode":0,"name":"Shaded","section":"Shading Mode"},"sceneLighting":true,"audioPlay":false,"sceneViewState":{"m_AlwaysRefresh":false,"showFog":true,"showSkybox":true,"showFlares":true,"showImageEffects":true,"showParticleSystems":true,"showVisualEffectGraphs":true,"m_FxEnabled":true},"in2DMode":false,"pivot":{"x":53.877845764160159,"y":-10.647682189941407,"z":34.17066955566406},"rotation":{"x":0.14152295887470246,"y":0.46212127804756167,"z":-0.07490133494138718,"w":0.872279942035675},"size":34.65408706665039,"orthographic":true}