{"cameraMode":{"drawMode":0,"name":"Shaded","section":"Shading Mode"},"sceneLighting":false,"audioPlay":false,"sceneViewState":{"m_AlwaysRefresh":false,"showFog":true,"showSkybox":false,"showFlares":true,"showImageEffects":true,"showParticleSystems":true,"showVisualEffectGraphs":true,"m_FxEnabled":true},"in2DMode":false,"pivot":{"x":372.6200256347656,"y":230.8236541748047,"z":-5.699920654296875},"rotation":{"x":0.08115588128566742,"y":0.04004015773534775,"z":-0.003239027224481106,"w":0.9959195852279663},"size":166.99737548828126,"orthographic":false}