{"cameraMode":{"drawMode":0,"name":"Shaded","section":"Shading Mode"},"sceneLighting":false,"audioPlay":false,"sceneViewState":{"m_AlwaysRefresh":false,"showFog":true,"showSkybox":false,"showFlares":true,"showImageEffects":true,"showParticleSystems":true,"showVisualEffectGraphs":true,"m_FxEnabled":true},"in2DMode":false,"pivot":{"x":0.17771625518798829,"y":-0.6776645183563232,"z":-0.017128586769104005},"rotation":{"x":0.000840009015519172,"y":0.9991821646690369,"z":-0.024292094632983209,"w":0.03359948471188545},"size":1.8690505027770997,"orthographic":true}